state,x,y
a,1.3654432147823505,1.6579342589884363
a,1.2265546221979364,2.4250771078408238
a,1.7708040811986705,1.727714419308401
a,1.2694494491594832,1.8262475469970794
a,1.1175883437995617,1.2847757001698357
a,1.0483612688822908,2.2105046444703587
a,1.286912746993643,1.3312463763736055
a,0.8704480047063835,1.5525479171165246
a,1.3100170407580516,1.658184498653518
a,1.0606150400805636,1.768590687891742
a,0.6157941088490074,2.0557628560956536
a,1.1102446504365742,1.457506182138798
a,1.4765272857041862,2.0988553058354564
a,1.4515878335405767,0.8910553722142811
a,1.3928222420047724,1.3608627068593395
a,0.6128929835777858,1.7561881783397113
a,0.6860707027658897,1.1479821612550336
a,1.0211773492856873,1.9706355456328155
a,1.694999726734836,1.6066262782063188
a,0.7934380643107637,1.9078988612959344
a,0.7223907180988545,1.5606820123838774
a,1.1436652301891546,1.594585715411141
a,1.176292266230172,1.8213493294542844
a,0.6552610705042694,1.480482064282952
a,0.6933389722443672,1.8125561233178693
a,1.0251128479001979,1.3300396486533028
a,1.0264310983290932,1.8194852240826482
a,0.6175219455853043,2.4367498287058633
a,0.7160988171249018,2.1428227775944375
a,1.1826663881492951,2.3450269333402565
a,0.723821868283413,1.4369855069161295
a,1.076421161951465,1.8893052272896291
a,0.2754115534039848,2.2941347635093927
a,0.9514293585927434,1.2970456164196493
a,0.8985171389939923,2.200249631679066
a,0.666148832268932,1.8735735474382378
a,1.1874179866003505,0.9140687524912341
a,1.326429340019134,1.5011257960278657
a,1.2895081238101789,1.9628495796191154
a,0.6836807665899183,2.0187593569205986
a,0.5438050722709048,1.2393454217666235
a,1.2946210739920756,2.3906327359121446
a,1.340084203315854,2.044012341760798
a,0.8102516884386186,2.085771036207924
a,0.9858986070085025,2.4046696168056667
a,0.7975325438433876,2.4790337793998725
a,1.2755927430438891,0.9840915194230876
a,1.2234959395466387,2.1711076263817155
a,1.057573643894168,1.6697921832236644
a,1.4906444144599944,1.68485389863616
a,0.23823010940259992,1.3917765781878721
a,1.1849022950326593,1.5277598125129033
a,1.4701334229197427,1.649804486317356
a,1.7689596572732462,2.1213294882163347
a,1.1812604022932287,1.4038853817702006
a,0.6808999222657675,1.1719612752378992
a,0.17353930713885057,1.8149488621826504
a,0.5831107163174452,0.8489433120130583
a,1.038428280397774,2.341802162788943
a,1.2676429362487485,1.7787777308112145
a,1.2946127098489428,2.6004360893810845
a,0.8906966673152548,1.2685151163483555
a,1.1766749291598186,1.3731892575491014
a,0.9163023314448462,2.5508821083470554
a,1.112055963160976,1.7248438885322974
a,0.9413469558744251,2.3509167216255373
a,1.4736690009063527,1.7603002791773847
a,1.5145357309565974,1.7533338328806052
a,1.5377877151391162,1.595213461339361
a,0.9122971942755584,1.281126128699073
a,1.6424306200445016,1.348531875626113
a,1.6198773003933737,1.617913268097398
a,1.0170934273961958,1.9550711064320554
a,0.5306596611371166,1.6732601876316535
a,0.08224096148561166,1.3527752618414055
a,1.3383300239586515,1.1655409506233314
a,1.764839259898641,1.523172387055546
a,1.1060490872153876,1.6344051359221312
a,1.2758717890416844,1.0585092241553533
a,0.9100527371320695,1.4294337514351985
a,1.1401751507276359,1.5396400488081816
a,0.5553808905029356,1.183910041268105
a,1.6043489020253463,1.8282381206367897
a,0.7510686064403447,2.0875354384112885
a,0.8503581889996663,1.5237597194935755
a,0.8359518335789966,1.6809700886233887
a,1.0320774298558426,1.4512186219008203
a,1.0837218908902304,1.339948745169743
a,0.7929474583806124,2.3506315884983837
a,1.1686659519420457,1.5333162070536326
a,0.7989710636013199,2.401465253206243
a,1.401022393593826,1.4050328070282636
a,1.3110681811774685,1.5248665969995947
a,0.9543769953135507,1.1127871888640926
a,1.044500744374238,1.1365566148817279
a,0.7819208780771422,1.707382923639757
a,1.01458900023336,1.8243596965936137
a,1.2184797918784769,2.3796288608318976
a,1.2106192335722068,2.0701895841744413
a,1.8200352774054736,1.2876174135380705
u,0.0532651238219875,0.7215989938407801
u,-0.28853620906182526,0.8756112330699026
u,-0.3929252496119679,1.1353684528409622
u,-0.4121202115841063,0.7583531734887662
u,0.07545708603605493,0.7343517377836731
u,-0.22811958796744225,1.3189385654174373
u,-0.4168051893878941,1.1328431559378682
u,0.027861685035467113,1.334741377997533
u,0.06496456620676025,1.1584992170405775
u,-0.687822893560521,1.767005058844648
u,-0.27145382334259793,1.7011752359885244
u,-0.06392529450119408,1.3925995497072798
u,-0.030000890581376102,1.1268798899392907
u,-0.543030677317673,0.6290657465091734
u,0.9988341846638634,0.43369750792679085
u,0.26256730427809793,0.6637859060613998
u,-0.1363391509421189,1.1966319088170945
u,0.05264500015301688,0.5108553509061249
u,-0.019141417070990305,1.3674212698633996
u,0.770742034884762,1.0177029221795635
u,0.2422764206055381,1.527437953622881
u,0.4398534181336562,1.1769213237243452
u,0.8000417867048752,1.0024173499477333
u,0.6247272696920921,0.328167407565795
u,0.021968956753009986,1.1615752394334933
u,-0.2577849312826451,0.4893970320548666
u,0.9181661340211312,1.3158648162277031
u,0.8781389810546573,0.7517763329837379
u,-0.3167276140534996,0.031396815931804656
u,0.3707864786481244,1.39969692494781
u,0.36820613838027016,0.3180443160114699
u,-0.05572589367984809,1.0756777430729345
u,-0.5878566439662126,1.3159486770770383
u,0.3641600836421006,1.2086092405490758
u,0.11033867862149095,0.5015875497420736
u,-0.4887024759626071,1.3020161085806774
u,0.44582059369138166,0.705910531308789
u,0.5970947675213736,0.70839440965894
u,-0.06734649283457567,1.2007367626316383
u,0.41429148475985306,1.398018530670232
u,-0.29966238398793227,0.9838683270095745
u,-0.23945257618186017,0.932712355154416
u,0.1417519149685526,0.52483258544769
u,0.6152786248163185,1.400333759600899
u,0.41198110936506765,0.09840006466274842
u,0.00577501058326696,1.079836192284692
u,0.28608616335245984,0.5419013478939622
u,0.8266931954730026,0.4251000413366469
u,-0.045567855504949184,1.0451885690537295
u,0.6249752936629864,0.8259461761532501
u,-0.009214658944337067,0.8698122095535319
u,-0.4854974429422362,0.4916768753761305
u,0.10616171802957813,-0.030957482460061803
u,-0.020900972263967435,1.02530156220199
u,0.5350531181056919,1.7812998133266853
u,0.575665097964745,0.672035284947371
u,-0.2880477812486972,0.8862612467509311
u,0.15979387855221483,1.3629390244509856
u,0.3125066738713449,0.7900139973963687
u,0.4167077549502463,0.7287810572119777
u,0.4366175527296888,1.295441302558103
u,1.046051019554092,0.775014789070384
u,0.2666367011424858,1.2294248654738658
u,0.07409446233837705,1.7853137768309695
u,0.060925403915838144,1.3402261771897683
u,1.1787777140393692,1.6833746884329006
u,0.2113092705690386,0.7501689997056641
u,0.6182569029482865,1.2649238663785265
u,0.07821060680193515,0.20369664200571325
u,0.6335244964426753,1.0600856333558923
u,-0.32924933172427634,0.5759552247882385
u,0.5839699852967541,1.440229203621758
u,-0.9579922607111349,1.0406735310895905
u,0.4485349427535272,0.4538745598916685
u,0.04410692787462176,0.9905894142640521
u,-0.1263752891551887,0.95645814590724
u,0.5755638245327472,1.4354744317439014
u,0.19560022047696954,0.9963548080819465
u,-0.20815258331231495,1.2357987876261483
u,0.0367524040750396,1.3462744830512317
u,-0.07000238143179441,0.2878128400383454
u,0.5366641532300722,0.9304075542346318
u,0.44157534565247,0.8975754233047382
u,0.02969120965163556,1.0865962566323375
u,-0.029178197621292937,1.2559549256468439
u,-0.090501151237807,1.166480122567258
u,0.14896055416766324,0.9484246559692437
u,-0.09072108720494684,0.02095339385303241
u,0.42782746261749255,0.5482032181221854
u,0.6838444197360555,1.6893551182873319
u,-0.1427759398755721,0.9693507163425114
u,0.45597346083901624,1.0846412662541944
u,0.08106107421321232,1.1436434025760582
u,-0.011586193386502214,1.41698587315973
u,0.32530781635566686,1.4230769088379964
u,-0.6497450683124044,0.5393547337999176
u,0.5040064890016268,0.876137123069846
u,0.4008997730477831,1.2674163419387885
u,0.14373250229333256,1.31166867743739
u,0.09571247114173204,0.9336790383931322
o,0.8652358755045023,0.11000497809484294
o,1.5893323412598162,0.40496236100273986
o,1.9680848608072228,0.3028535536284567
o,1.5077247195999872,0.5218522909398002
o,0.49794018644985405,0.3172422652566072
o,0.7851381405221121,-0.42571459144805024
o,2.001707990603271,-0.06609804176901946
o,1.3707596524828742,-0.3041362762201003
o,1.7458265833169206,0.014090695341088644
o,1.3185724941751213,0.5242808636561698
o,0.6051060832788068,0.10722137800572504
o,0.46645667005330715,0.01983833139502178
o,0.9935925549236495,0.565973461223843
o,0.9424673852477086,0.5768763322925783
o,1.381958106296514,0.7116300042256498
o,1.6400748450236073,0.6836286559978221
o,1.6435016538612481,0.9775107627692663
o,0.9197202825344086,0.5147120851501671
o,1.336851671906659,0.11936578297117334
o,1.1379330341634974,-0.5488859023097983
o,1.3059874134645582,0.3608275703697127
o,0.8294410300141559,0.5766436822107119
o,1.7333290560273114,0.03295686485604821
o,0.9905724829159701,0.07367045664167457
o,1.6438910970849774,0.7757766608531904
o,1.5125025355674293,0.6605421633209791
o,1.1161545736865046,-0.1940650427710015
o,0.9917526665792484,0.6436589525469433
o,1.3945535117514405,-0.43543180947683413
o,1.2649796083448928,0.22754791649993059
o,1.4953608313130484,0.7035794455902709
o,2.4632171062916264,0.5211503810454179
o,0.7309527022979706,-0.1063260417630002
o,1.1950582958669214,-0.11469343206693167
o,1.1119536528843077,0.07549136062123332
o,1.034250180868059,0.4217605021788865
o,1.379401883470333,1.1907018460470897
o,1.356750380414573,0.4830658225923682
o,0.9624200240354104,-0.03789139149026893
o,1.1201598526114376,0.42534685786933735
o,0.8532774527811493,0.5049449628230204
o,1.4459719893262508,0.5879498913252528
o,0.705433497048167,-0.33219424875709225
o,1.4884759468705593,-0.1293427666047388
o,1.2147138060772709,-0.06182293536859268
o,0.7092913772109167,0.38134732701556073
o,1.613627808847192,0.6275462877829752
o,1.4951637364921835,-0.00865399155062102
o,0.9342664040919956,0.0025643612419259942
o,1.401047598512669,0.053615065464316325
o,0.9882395910449309,0.820462258562346
o,0.5525550207789045,0.3561980474066783
o,1.388594709962253,-0.06803364953062002
o,1.2697509039706056,0.04601901475874545
o,1.401200150576554,-0.08515213688619117
o,0.7556054369676033,0.5753663761495054
o,0.7928866211461019,-0.21235725984845621
o,1.5038061596277705,-0.10395999511172033
o,1.0046386127147384,0.49981815388257356
o,2.135296311964172,1.133505759458038
o,1.8431779317678036,-0.1585872981069988
o,1.243987725383661,1.0835696055132726
o,1.4443581920245037,0.3973169894249351
o,1.4945083523593756,0.1326896032713761
o,1.7635038928395828,0.5004818441788784
o,1.1561557542200127,0.2644786307092093
o,1.4946324858480524,-0.6655319750347896
o,1.1122410963529776,-0.020328597521004965
o,1.1568944546369695,0.08326765433261943
o,1.59085338919959,0.183158693195545
o,1.981782902484564,-0.06936105049803848
o,1.2650842408484309,0.2903448048891905
o,1.2668340575732973,-0.008424423681383797
o,1.855169973482612,-0.1595306689913646
o,1.3242121821224508,-0.47703436339245286
o,0.9419992491407734,0.3216065907643671
o,1.1534633814681239,0.6465770819453269
o,1.0938757309767675,0.45325277974554834
o,1.1554549285361784,0.6561713251816557
o,0.7319196742650258,0.7829207909666123
o,1.3692013471260638,0.23929100201973896
o,0.9654722666161097,0.23987980024261682
o,1.6435554949637523,-0.9588524267151437
o,1.534743662464844,0.00592973338441638
o,1.2552686641341981,0.5723377731442676
o,0.55409795869333,1.3651528255466283
o,1.425255009726893,0.05215381834171315
o,1.2468401429219698,0.34620820535776475
o,1.0110689752696913,0.4280719337139688
o,1.022254837715613,0.7450966997096105
o,1.1507174261864659,-0.09993515556371996
o,1.4232776854263889,0.3920368052238431
o,1.1872016636361866,0.6956154865648643
o,1.1232135757344874,-0.09554635360028618
o,1.351151060082728,0.6278433414085726
o,0.9429253106248296,0.6845839683502616
o,1.3572159481775319,-0.125060339905812
o,0.479076818864523,0.28217806229549874
o,1.2982796521758264,0.4832719790908545
o,1.5068041772944873,-0.09721490100712438
w,0.8178613352506257,-1.041824693763772
w,1.460483013936729,-0.38606486019608455
w,0.5836389918908432,-1.113240191063718
w,1.000512720641459,-1.5734256658461567
w,0.9839673927201787,-0.9574215488131903
w,0.3618954249083718,-0.674266890888135
w,0.6355970882988266,-0.6509767099420858
w,0.2755659927557441,-1.242765695227122
w,0.6655026120098103,-1.5916879103145363
w,0.4747759121648506,-1.0791064184675867
w,0.42665901932742994,-0.6248406935012836
w,0.912078045487652,-0.8367173792235533
w,0.2438579658042242,-0.6480840282557832
w,1.1539292817254356,-1.2312234029089433
w,0.12202783305146081,-1.3007340736576887
w,0.59801905864868,-0.6510970105149558
w,0.7194358196074334,-1.1110469299246848
w,0.4196911071386782,-0.7941599818068342
w,0.007106511910561442,-1.1087260237514927
w,-0.02073266703756349,-1.1245316573747124
w,1.2928749959672814,-1.2314214291611585
w,0.7028607867980879,-1.1014594443110584
w,0.5846630125578527,-1.090274444871251
w,0.30771101577091337,-0.7631061589624066
w,0.6222913237374108,-1.328031329494865
w,1.0408973269205952,-0.5362806796431978
w,0.5219528658668917,-1.2531151103828995
w,0.6492522342611103,-1.342858616355406
w,1.0123686318239082,-0.7380247168688663
w,0.8213958967657953,-1.4094015231819026
w,0.45122121154723976,0.029419809460078605
w,1.5088210209910469,-0.6165283825511645
w,1.7257334007511844,-0.5898435365361498
w,0.9979362671386036,-0.10633609419565138
w,0.8020662696864174,-0.6699254161576761
w,0.4013140298910745,-1.41943232696416
w,0.4957045599965555,-0.6370116821120878
w,0.8492847730540888,-1.292359699003605
w,0.6293210355406265,-0.3841088485158964
w,-0.504750365943716,-0.6267983376402918
w,0.6175859320556697,-1.3637846988284497
w,1.2147333119946753,0.17543322689548657
w,0.31742739577177465,-1.2613354875172276
w,1.1106590031360692,-0.0973446448231311
w,0.1160892811279135,-0.9864413918101443
w,0.651753326099435,-0.9101113382445638
w,0.8943029845344246,-1.304013272117084
w,0.02703268938817549,-0.6949023744364488
w,0.3957311367920987,-0.9585373774673671
w,0.533481103448881,-1.0459669678371997
w,0.13687242037712555,-0.4287338308222065
w,1.3678084526092529,-0.7709090883394808
w,0.604870483812581,-0.8274905048007146
w,0.8166310286617172,-0.2870970206110076
w,1.1603870709575164,-0.6670998837482871
w,0.8465098691528747,-0.78004947543357
w,0.6950632980702456,-0.48612394975794987
w,-0.13574890482579505,-0.5152257733693898
w,0.5960454654129406,-0.8533597898867211
w,-0.1127100750083263,-1.2185744635486095
w,0.5683460967750865,-0.706385378176037
w,0.805376125643453,-0.3311748998352836
w,0.9176873366145961,-0.763481927834346
w,0.883779486700653,-0.8290992932197901
w,0.0772262859165338,-1.015087539418456
w,0.4527103731632412,-0.8113753227620767
w,1.1262025800975155,-0.5053259559707877
w,0.8867764049143552,-0.6584725955179547
w,0.4202348792720883,-0.7652776968252446
w,0.463329802334086,-1.3656477336516493
w,0.2450371105697896,-0.7594743542699871
w,0.38858630120767135,-1.2467948812142349
w,0.2124236699528112,-0.24609364839085568
w,0.29335788438172433,-0.7475752370552661
w,0.46981082299222876,-0.09150723234595137
w,1.175010072956459,-1.18050618502988
w,0.9896303362556418,-1.1867441639870466
w,0.617304351187049,-0.2737228993889693
w,0.5668955033039899,-1.425888295566383
w,0.5110675291000392,-0.7605766697294174
w,-0.028257770551023187,-0.6825947766004714
w,0.6763555094546,-1.2377820234862187
w,1.399667309021329,-0.5754477142407568
w,0.8549453819680056,-0.9382080580225692
w,1.0183096998892995,-0.8923070732710261
w,1.1309250985924124,-1.3331239569320026
w,0.4318117299577596,-0.08350640053340785
w,0.14385845278867965,-0.4782320416850664
w,0.6836830403833742,-1.2802348868880573
w,0.25208672635834656,-0.8161891643050229
w,0.4496148580336846,-0.960184318781985
w,0.9605026356787746,-0.5318152602213151
w,0.4082687865511141,-0.8440006876499626
w,0.8403461911451608,-0.7580346239404313
w,0.5687651544994773,-1.0710391941270778
w,0.24332868176123595,-1.3919729848197138
w,0.16469021652530114,-0.9776511293415796
w,0.7953086850205741,-0.9165132142748581
w,0.2622623429483934,-1.2912789436656333
w,0.3252119594972845,-1.0032032490657654
k,-1.2997860935413492,-1.630008354536998
k,-1.00440558333072,-0.3421776802937
k,-1.4045201373731848,-0.8940658834590767
k,-0.7189528899781543,-1.3513448259590448
k,-1.058152723263667,-1.0880284415875396
k,-1.4059280026498215,-1.9423657048713165
k,-1.662196007133144,-1.1846601961174676
k,-0.9772922144877172,-1.4531516543762368
k,-0.9018445324187987,-1.3114701856032978
k,-1.0768287650448902,-1.9931853813614642
k,-1.4898313517278314,-1.4976344310018392
k,-0.6671876828172154,-1.5411877751206382
k,-0.5078202370252606,-1.4291483640044378
k,-0.7152665014893737,-1.9975498183011196
k,-1.4087600004627252,-1.4330628290999434
k,-1.3710186536562283,-1.427090349082223
k,-1.9654002067028244,-1.3710129656071437
k,-0.8625914959024577,-1.4229910331844666
k,-1.6980122111913512,-1.2025694113071692
k,-1.3674679895962811,-1.9527361317106031
k,-0.8887939922418799,-2.1477458241651357
k,-1.4368887653403486,-0.02543404211598821
k,-1.1028827617985657,-0.9962355973287067
k,-1.5775114669604493,-2.01386076852699
k,-1.126896767196363,-1.4343031357684757
k,-1.3708689768241253,-1.6021593720003369
k,-2.0708128179620338,-0.981926229471876
k,-0.6455934798503441,-1.937372322704444
k,-1.2963778959807282,-1.4196217592200677
k,-1.3536645064549255,-1.2907914715412667
k,-1.0586691936109045,-2.042549581576216
k,-1.5241057459238498,-2.09920842690304
k,-0.8883601302956059,-1.6333769661811157
k,-1.3413124053155305,-1.784992945351577
k,-1.3860422288973946,-1.1439861083583613
k,-1.2588957088649686,-0.7425031429805916
k,-0.5183775583494663,-2.316706412004797
k,-1.1181918309934373,-1.3451865983770195
k,-1.0714982737742913,-0.8874847881954868
k,-1.3102824681495084,-1.552280177231728
k,-1.3393093040924484,-1.131489497762451
k,-0.722520930899277,-2.143579440159381
k,-1.3077591014753758,-1.1170840138317057
k,-1.411965731035921,-1.5713445552253573
k,-2.050473371777069,-0.7472386641565062
k,-0.8356004633931525,-1.1062995849103752
k,-0.8611078049546868,-1.48996302182768
k,-1.1914404907247451,-1.3312230300633778
k,-1.3255126789558456,-1.094651218573318
k,-1.051031027817601,-1.8141725778498115
k,-0.7427364507482929,-1.1820616875694592
k,-0.9001535337211644,-1.411400510139761
k,-1.4064632323579154,-1.3205801910630814
k,-1.5678093666508517,-1.4493957545342853
k,-1.2806149945866099,-2.3985965693652456
k,-1.5846364135602604,-1.590982170997406
k,-1.287520389926842,-1.6046680647109874
k,-1.3033760636447087,-1.3256014773613205
k,-2.072097134771372,-0.9978462221039168
k,-1.3871837705445682,-1.2625732014210282
k,-1.277043080193185,-1.3272471235368934
k,-0.9811379362558552,-1.5787425975485574
k,-1.4688010389006,-0.8293139593798858
k,-1.496453678993806,-1.2737508857773574
k,-1.4156655816289587,-0.8785659663798132
k,-1.3637234103135092,-1.5648670175737343
k,-1.1972336039442921,-2.4298617068004558
k,-1.3313954260588168,-1.383641941854525
k,-1.4093033036224623,-1.1438655089414889
k,-1.0541628370063594,-1.0871965496254974
k,-0.960204520331335,-1.4359086182698946
k,-0.8376885636971615,-0.8151578089634239
k,-1.5187741395670544,-1.3075635364368885
k,-1.5434453582143037,-1.7917925614183563
k,-1.7680392947967694,-1.1825364627606814
k,-1.4562564779494498,-1.8682291715621913
k,-1.6129252630075797,-1.4915347004710422
k,-1.4253307269449897,-2.0892704197397345
k,-1.2748516048499006,-1.1319752113246158
k,-0.4304091927717304,-0.9658003427193622
k,-1.5761658517280752,-1.6128185044948267
k,-1.1661794247459905,-1.5505442364669195
k,-1.4248489330397713,-0.9991993797278158
k,-1.1768108591936608,-1.5695639592544919
k,-1.4071858650133666,-1.6591282391469186
k,-1.0356177678620666,-1.396450557274492
k,-1.4562039116056589,-1.6156232576702032
k,-0.7695587106438605,-0.9784184911441793
k,-1.118108922009203,-1.585208457595886
k,-1.8129234021958882,-0.8189252858299516
k,-0.9945690542583265,-1.4504660868647552
k,-2.1291527333679636,-1.8909551446529353
k,-1.4282854678901942,-1.5921264350519801
k,-0.754664120737454,-1.0342983382301467
k,-0.27973773863180185,-1.2561867109876592
k,-0.4182363642057235,-0.5813144119974406
k,-1.4439740435173676,-1.5628717214560086
k,-0.7438342022210959,-0.9659746731056538
k,-1.3616332003924578,-1.239863353520016
k,-0.5788090506423756,-1.7285193959590757
t,-1.7074128812510962,-0.3531446531198518
t,-0.9443937751595324,-0.10674029009974184
t,-1.8809285054908738,-0.21408933710062247
t,-1.5383991482169506,0.12297547765532246
t,-0.7189932621398422,-0.8462950058539657
t,-2.031590011443649,-0.08551386072020178
t,-1.2044677276875433,0.4007464468238524
t,-1.5940214321612347,-0.0008473437025949358
t,-1.235853393499476,-0.20178120251848566
t,-0.9817988673110227,-0.2066097089150298
t,-1.403876207414528,0.4497993065097002
t,-1.3635869082434044,0.912823919899893
t,-1.5240891970450203,-0.2882579060313432
t,-1.1434322975137086,-0.17502568147670391
t,-1.4610755167845786,0.04245139909413703
t,-1.5306424631022375,-0.9012667704444597
t,-0.8059685311383901,0.5955646628056707
t,-0.8463602916728524,0.1418344189819029
t,-1.649521207379927,0.200408385124386
t,-1.1976695911055366,0.26324475123129265
t,-1.149979093167449,0.19666251141504096
t,-1.5068863979262632,0.7421636104733522
t,-1.9806115341398605,-0.10122005531728442
t,-1.2758993277950479,-0.36866762172064016
t,-1.9056524564544421,-0.1264696559331309
t,-1.3223422600447736,-0.08834485396015414
t,-1.322672507697593,-0.24027611062654036
t,-1.2875014678925165,0.15543042389665848
t,-1.1895233544685133,0.055788367656558674
t,-1.3974527524339553,-0.45219735297475333
t,-0.4119380423838782,0.43348313402966165
t,-1.187936245979139,-0.8357318699342424
t,-1.1821049030858524,-0.3005793861039149
t,-1.4045993445217344,0.01602930282426204
t,-0.7012097775444931,-0.6062449067214217
t,-1.414208539223503,-0.37565553424286646
t,-0.9315964159524995,-0.27747728703279245
t,-1.4876313537051271,0.3463890934045933
t,-1.9700584895108693,0.5975314441344001
t,-1.1907260022331636,0.47566943467791106
t,-1.2747507948435293,0.644121905250408
t,-1.6536661261162564,-0.12104107027004465
t,-2.1720900096540534,0.23045019537332886
t,-1.4965055554933846,0.24383694939072548
t,-1.2684632699406304,-0.3446178036237149
t,-1.6662995425502793,0.6023717859287181
t,-1.103705567366473,-0.029028408411336068
t,-1.3505781481680958,0.49461499028739075
t,-2.2642483545902703,0.7199612226532764
t,-1.0705693424805292,-0.02542915511770928
t,-1.0682089610095096,-0.15807940718289182
t,-1.7724982159115514,-0.7288814030979051
t,-1.3450340018057751,-0.0827192918234777
t,-1.8005143612077665,-0.21276404874099641
t,-0.9239938314010496,-0.478271596575731
t,-2.1828015443966624,0.31032362804534874
t,-1.6667967795321268,0.22037643981056507
t,-1.5173460787358153,-0.4960452656400345
t,-1.118802127288231,0.47156611873463217
t,-1.3597971104981448,-0.027760887539094253
t,-1.8559353697953915,-0.13339903043566095
t,-1.8973785633788294,0.5447867224992039
t,-1.9998349658032288,0.38365568514024495
t,-1.1055424715795292,-0.15012966058538313
t,-1.174846499309671,0.24517986394993024
t,-1.988688586370876,-0.8515105240420833
t,-0.9793261587917972,-0.3095140467498057
t,-1.4676403327924388,0.5336296834671652
t,-1.8584993646113939,0.3447811106040399
t,-0.9105335655196103,0.10809659201777748
t,-1.1440481225430936,-0.358791474479231
t,-1.098374961064838,-0.3031163232626283
t,-1.1939508424558594,0.15855124600109366
t,-0.7725361318819328,0.5837516512564602
t,-1.2248878188995604,0.3521859439120257
t,-0.9727427370274955,0.00030086723410251495
t,-1.1472011036907102,-0.026683329924493897
t,-1.653674616194555,0.23103411381431638
t,-1.0375715841808109,0.02921692961205445
t,-1.8498368268060603,-0.10737410907401145
t,-1.0772323117355846,-0.03849430907691355
t,-1.7022129230284455,1.035884356785142
t,-0.7243172356871189,0.007407696004021772
t,-1.632318473602518,0.12726858308728634
t,-2.314298684991905,-0.07566860966570695
t,-1.4371965000153286,-0.25303678237500365
t,-1.4783476864163854,0.7798533332484847
t,-1.2983498663714044,-0.15073207406298852
t,-1.8172270395454275,0.5184210705293646
t,-1.3582254868428518,0.4238237163626019
t,-1.3095461233972168,-0.33008815761135524
t,-1.5427681728395213,0.7670591085907535
t,-1.5556476533261046,0.2514077717728499
t,-1.3035548126381264,-0.2558067200628767
t,-1.4417672076997081,-0.17031507101553459
t,-1.4904380365619114,-0.5247027007989149
t,-0.5717106275779477,-0.4007303347911407
t,-0.8972618554081595,-0.4563338519178877
t,-1.9182864623607914,-0.15355669568418812
t,-0.7968000775083844,0.1228384531326431
Q,-0.220060834953282,-0.9519881183918384
Q,-0.40365506906832727,-1.033378863672089
Q,-0.10132091121184861,-0.9263725211069344
Q,-0.5767306599957365,-0.3157728493652559
Q,0.13514538567540135,-0.7959750594148141
Q,-1.1005345896492773,-1.038869102142945
Q,-0.6424602783069246,-0.4607978021163759
Q,-0.3601804681219448,-1.235012120848423
Q,-0.13398253219354817,-0.5461748533393331
Q,-0.9357329129738834,-0.44471324511380805
Q,-1.0300513135899687,0.2352472279665897
Q,-1.075195351365547,-0.8640949521839778
Q,-0.4006588907318056,-1.2547837348733764
Q,-0.7458213408968428,-0.7075809974417513
Q,-0.7865755356819875,-0.5621210948411448
Q,-0.6633650383761456,-0.6285211169368723
Q,0.05504071430909563,-0.20846777386186294
Q,-0.627129168134054,-1.266828136990875
Q,-0.396326634635694,-0.469384874340526
Q,-0.590083041599054,-0.8930817182449395
Q,-0.7575305352489299,-0.5646439946460037
Q,-1.505839542787072,-1.5464582291572195
Q,-0.2867776352383079,-0.7891833692781542
Q,-0.9673409276082094,-0.07444045160301616
Q,-0.19652396076043283,0.7052682673895245
Q,-0.2971536688457436,-0.9991296986848721
Q,-0.5625342939108982,-0.2513773829859819
Q,-1.3129372405635982,-0.7442260657677381
Q,-0.27885093681243484,-1.1076722653552387
Q,-0.7764238680049547,-0.8123821140011556
Q,0.39174204346866603,-1.1300970150410174
Q,-0.6141936695433521,-0.9114111074018354
Q,-0.5809926772743422,0.09357626458857393
Q,-0.9158619906816883,-1.4769488902063928
Q,-0.5315752669603787,-0.7596289660007004
Q,-0.08327946090267113,-0.6080430185928244
Q,-0.7329383432848524,-0.7773737191501077
Q,-0.8821383029202041,-0.8616771476448105
Q,0.20416500140702776,-0.86331588605524
Q,-0.8120495909518546,-0.02750547421862537
Q,-0.6196303386429041,-0.14402043117767083
Q,-0.31577177905419485,-0.8379409086612191
Q,-0.7167314302870873,-0.4954030833418225
Q,-0.027427886711844207,-0.6411653722061179
Q,-0.5298913714476446,-0.8234162469069957
Q,-0.005591905128991881,-0.9171302416041985
Q,-0.43495797238924555,-0.8038356793176481
Q,-0.8623430008964388,-0.4025543455931232
Q,-0.3605268915053449,-1.1480599734177976
Q,-0.2798003466186616,-1.2581284676365112
Q,-0.3696910954600418,-0.42795245976128576
Q,-0.3432152667703831,-0.4328714516554088
Q,-0.14649597388234165,-0.6358102727996335
Q,-0.5056831460252263,-0.6739349826915807
Q,0.019645422254420175,-0.7906766847248533
Q,-0.25657287911489945,-0.7471678255038037
Q,0.2910179886283163,-1.2095867218771335
Q,-0.2557703695972734,-1.4212359795262288
Q,-0.6208252004084933,-1.0442868259163478
Q,-0.9387098279086978,-0.8715475861293426
Q,-0.16381067818812045,-0.824562245531363
Q,-0.3705108650819888,-0.9898517945146137
Q,-0.08621938766143616,-1.4879937994782675
Q,-0.4629255013482909,-0.896043253393717
Q,-0.5943230612059504,0.09473452075372157
Q,-0.9125504908221826,0.12388025256552815
Q,-0.48268133704422056,-0.3959271657610515
Q,-1.2489405992945186,-0.2905290687422144
Q,-0.36838195245484645,-0.6007252679346237
Q,-0.19566448488639093,-0.5080632153375881
Q,-0.2755321210285904,-0.23721172452309652
Q,-0.6707992346652858,0.029014591411068436
Q,-0.13445954592749054,-0.18310285691187567
Q,-0.4925172058419177,-0.15965930224270697
Q,-0.10759634900433201,-0.4072202388527515
Q,-0.7264090593967601,-0.16222126118952618
Q,-0.019646318655999306,-0.975211081936734
Q,-0.6078617541462024,-1.3960610193945153
Q,-0.07544763613057259,-0.30527030384369724
Q,-0.6685741514132512,-0.22768888750481608
Q,-0.40610929687280983,-0.041597599671848284
Q,0.2072103178775645,-0.5259544548338851
Q,-0.5785068831734307,-1.3677493668302594
Q,0.7355224934140758,-0.7528582951907845
Q,-0.20824221067717358,-0.17898134873948013
Q,-0.30656543364681266,-0.9506160037911343
Q,-0.6523040854635422,-0.76698374960773
Q,-0.39754045164719265,0.17738471605809614
Q,-0.2291517429071328,-0.4104429738218207
Q,0.00781962335809161,-0.6979006789054063
Q,-0.6831954168411162,0.17746967335179042
Q,-0.6181189421774926,-0.8713102603569914
Q,-0.8891423353769559,-0.9338376375988067
Q,0.31183163728550445,-1.4242482475321014
Q,-0.13831582957359612,-0.7123236657452323
Q,-1.0385508644331893,-1.6042560558429995
Q,-1.096698991520098,-0.9882886260546645
Q,-0.052562411936376785,-0.5259472529556513
Q,-0.2037274053063649,-1.0080056140021474
Q,-0.3285118407382408,-0.8226605010533061
